loginid,ファイル名,総支給額,支給１,支給２,支給３,支給４,支給５,支給６,支給７,支給８,支給９,支給１０,支給１１,支給１２,支給１３,支給１４,支給１５,支給１６,支給１７,支給１８,支給１９,総支給額,控除１,控除２,控除３,控除４,控除５,控除６,控除７,控除８,控除９,控除１０,控除１１,控除１２,控除１３,控除１４,控除１５,控除１６,控除１７,控除１８,控除１９,総控除額,勤怠１,勤怠２,勤怠３,勤怠４,勤怠５,勤怠６,勤怠７,勤怠８,勤怠９,勤怠１０,勤怠１１,勤怠１２,勤怠１３,勤怠１４,勤怠１５,勤怠１６,勤怠１７,勤怠１８,勤怠１９,備考
maple_admin,,99999999,"9,000,001","9,000,002","9,000,003","9,000,004","9,000,005","9,000,006","9,000,007","9,000,008","9,000,009","9,000,010","9,000,011","9,000,012","9,000,013","9,000,014","9,000,015","9,000,016","9,000,017","9,000,018","9,000,019","9,999,020","8,000,021","8,000,022","8,000,023","8,000,024","8,000,025","8,000,026","8,000,027","8,000,028","8,000,029","8,000,030","8,000,031","8,000,032","8,000,033","8,000,034","8,000,035","8,000,036","8,000,037","8,000,038","8,000,039","8,888,040",41.25,42.25,43.25,44.25,45.25,46.25,47.25,48.25,49.25,50.25,51.25,52.25,53.25,54.25,55.25,56.25,57.25,58.25,59.25,"むかしむかし、あるところに、おじいさんとおばあさんが住んでいました。
　おじいさんは山へ柴刈りに、おばあさんは川へ洗濯に行きました。
　おばあさんが川で洗濯をしていると、ドンブラコ、ドンブラコと、大きな桃が流れてきました。
「おや、これは良いおみやげになるわ」
　おばあさんは大きな桃をひろいあげて、家に持ち帰りました。
　そして、おじいさんとおばあさんが桃を食べようと桃を切ってみると、なんと中から元気の良い男の赤ちゃんが飛び出してきました。
「これはきっと、神さまがくださったにちがいない」"
maple_user,修正版,98999999,8000001,8000002,8000003,8000004,8000005,8000006,8000007,8000008,8000009,8000010,8000011,8000012,8000013,8000014,8000015,8000016,8000017,8000018,8000019,8999020,7000021,7000022,7000023,7000024,7000025,7000026,7000027,7000028,7000029,7000030,7000031,7000032,7000033,7000034,7000035,7000036,7000037,7000038,7000039,7888040,31.25,32.25,33.25,34.25,35.25,36.25,37.25,38.25,39.25,40.25,41.25,42.25,43.25,44.25,45.25,46.25,47.25,48.25,49.25,"むかしむかし、あるところに、おじいさんとおばあさんが住んでいました。
　おじいさんは山へ柴刈りに、おばあさんは川へ洗濯に行きました。
　おばあさんが川で洗濯をしていると、ドンブラコ、ドンブラコと、大きな桃が流れてきました。"
kijima.tomoya@example.com,,98999995,7999997,7999998,7999999,8000000,8000001,8000002,8000003,8000004,8000005,8000006,8000007,8000008,8000009,8000010,8000011,8000012,8000013,8000014,8000015,8999016,7000017,7000018,7000019,7000020,7000021,7000022,7000023,7000024,7000025,7000026,7000027,7000028,7000029,7000030,7000031,7000032,7000033,7000034,7000035,7888036,27.25,28.25,29.25,30.25,31.25,32.25,33.25,34.25,35.25,36.25,37.25,38.25,39.25,40.25,41.25,42.25,43.25,44.25,45.25,"むかしむかし、あるところに、おじいさんとおばあさんが住んでいました。
　おじいさんは山へ柴刈りに、おばあさんは川へ洗濯に行きました。
　おばあさんが川で洗濯をしていると、ドンブラコ、ドンブラコと、大きな桃が流れてきました。"
fujimoto.mai@example.org,,98999990,7999992,7999993,7999994,7999995,7999996,7999997,7999998,7999999,8000000,8000001,8000002,8000003,8000004,8000005,8000006,8000007,8000008,8000009,8000010,8999011,7000012,7000013,7000014,7000015,7000016,7000017,7000018,7000019,7000020,7000021,7000022,7000023,7000024,7000025,7000026,7000027,7000028,7000029,7000030,7888031,22.25,23.25,24.25,25.25,26.25,27.25,28.25,29.25,30.25,31.25,32.25,33.25,34.25,35.25,36.25,37.25,38.25,39.25,40.25,"むかしむかし、あるところに、おじいさんとおばあさんが住んでいました。
　おじいさんは山へ柴刈りに、おばあさんは川へ洗濯に行きました。
　おばあさんが川で洗濯をしていると、ドンブラコ、ドンブラコと、大きな桃が流れてきました。"
pkondo@example.net,,98999984,7999986,7999987,7999988,7999989,7999990,7999991,7999992,7999993,7999994,7999995,7999996,7999997,7999998,7999999,8000000,8000001,8000002,8000003,8000004,8999005,7000006,7000007,7000008,7000009,7000010,7000011,7000012,7000013,7000014,7000015,7000016,7000017,7000018,7000019,7000020,7000021,7000022,7000023,7000024,7888025,16.25,17.25,18.25,19.25,20.25,21.25,22.25,23.25,24.25,25.25,26.25,27.25,28.25,29.25,30.25,31.25,32.25,33.25,34.25,"むかしむかし、あるところに、おじいさんとおばあさんが住んでいました。
　おじいさんは山へ柴刈りに、おばあさんは川へ洗濯に行きました。
　おばあさんが川で洗濯をしていると、ドンブラコ、ドンブラコと、大きな桃が流れてきました。"
yoko.ekoda@example.com,,98999977,7999979,7999980,7999981,7999982,7999983,7999984,7999985,7999986,7999987,7999988,7999989,7999990,7999991,7999992,7999993,7999994,7999995,7999996,7999997,8998998,6999999,7000000,7000001,7000002,7000003,7000004,7000005,7000006,7000007,7000008,7000009,7000010,7000011,7000012,7000013,7000014,7000015,7000016,7000017,7888018,9.25,10.25,11.25,12.25,13.25,14.25,15.25,16.25,17.25,18.25,19.25,20.25,21.25,22.25,23.25,24.25,25.25,26.25,27.25,"むかしむかし、あるところに、おじいさんとおばあさんが住んでいました。
　おじいさんは山へ柴刈りに、おばあさんは川へ洗濯に行きました。
　おばあさんが川で洗濯をしていると、ドンブラコ、ドンブラコと、大きな桃が流れてきました。"
hideki08@example.org,,98999969,7999971,7999972,7999973,7999974,7999975,7999976,7999977,7999978,7999979,7999980,7999981,7999982,7999983,7999984,7999985,7999986,7999987,7999988,7999989,8998990,6999991,6999992,6999993,6999994,6999995,6999996,6999997,6999998,6999999,7000000,7000001,7000002,7000003,7000004,7000005,7000006,7000007,7000008,7000009,7888010,1.25,2.25,3.25,4.25,5.25,6.25,7.25,8.25,9.25,10.25,11.25,12.25,13.25,14.25,15.25,16.25,17.25,18.25,19.25,"むかしむかし、あるところに、おじいさんとおばあさんが住んでいました。
　おじいさんは山へ柴刈りに、おばあさんは川へ洗濯に行きました。
　おばあさんが川で洗濯をしていると、ドンブラコ、ドンブラコと、大きな桃が流れてきました。"
yuta72@example.net,,98999960,7999962,7999963,7999964,7999965,7999966,7999967,7999968,7999969,7999970,7999971,7999972,7999973,7999974,7999975,7999976,7999977,7999978,7999979,7999980,8998981,6999982,6999983,6999984,6999985,6999986,6999987,6999988,6999989,6999990,6999991,6999992,6999993,6999994,6999995,6999996,6999997,6999998,6999999,7000000,7888001,-7.75,-6.75,-5.75,-4.75,-3.75,-2.75,-1.75,-0.75,0.25,1.25,2.25,3.25,4.25,5.25,6.25,7.25,8.25,9.25,10.25,"むかしむかし、あるところに、おじいさんとおばあさんが住んでいました。
　おじいさんは山へ柴刈りに、おばあさんは川へ洗濯に行きました。
　おばあさんが川で洗濯をしていると、ドンブラコ、ドンブラコと、大きな桃が流れてきました。"
eaota@example.org,,98999950,7999952,7999953,7999954,7999955,7999956,7999957,7999958,7999959,7999960,7999961,7999962,7999963,7999964,7999965,7999966,7999967,7999968,7999969,7999970,8998971,6999972,6999973,6999974,6999975,6999976,6999977,6999978,6999979,6999980,6999981,6999982,6999983,6999984,6999985,6999986,6999987,6999988,6999989,6999990,7887991,-17.75,-16.75,-15.75,-14.75,-13.75,-12.75,-11.75,-10.75,-9.75,-8.75,-7.75,-6.75,-5.75,-4.75,-3.75,-2.75,-1.75,-0.75,0.25,"むかしむかし、あるところに、おじいさんとおばあさんが住んでいました。
　おじいさんは山へ柴刈りに、おばあさんは川へ洗濯に行きました。
　おばあさんが川で洗濯をしていると、ドンブラコ、ドンブラコと、大きな桃が流れてきました。"
naoto.ogaki@example.net,,98999939,7999941,7999942,7999943,7999944,7999945,7999946,7999947,7999948,7999949,7999950,7999951,7999952,7999953,7999954,7999955,7999956,7999957,7999958,7999959,8998960,6999961,6999962,6999963,6999964,6999965,6999966,6999967,6999968,6999969,6999970,6999971,6999972,6999973,6999974,6999975,6999976,6999977,6999978,6999979,7887980,-28.75,-27.75,-26.75,-25.75,-24.75,-23.75,-22.75,-21.75,-20.75,-19.75,-18.75,-17.75,-16.75,-15.75,-14.75,-13.75,-12.75,-11.75,-10.75,"むかしむかし、あるところに、おじいさんとおばあさんが住んでいました。
　おじいさんは山へ柴刈りに、おばあさんは川へ洗濯に行きました。
　おばあさんが川で洗濯をしていると、ドンブラコ、ドンブラコと、大きな桃が流れてきました。"
naoto48@example.net,,98999927,7999929,7999930,7999931,7999932,7999933,7999934,7999935,7999936,7999937,7999938,7999939,7999940,7999941,7999942,7999943,7999944,7999945,7999946,7999947,8998948,6999949,6999950,6999951,6999952,6999953,6999954,6999955,6999956,6999957,6999958,6999959,6999960,6999961,6999962,6999963,6999964,6999965,6999966,6999967,7887968,-40.75,-39.75,-38.75,-37.75,-36.75,-35.75,-34.75,-33.75,-32.75,-31.75,-30.75,-29.75,-28.75,-27.75,-26.75,-25.75,-24.75,-23.75,-22.75,"むかしむかし、あるところに、おじいさんとおばあさんが住んでいました。
　おじいさんは山へ柴刈りに、おばあさんは川へ洗濯に行きました。
　おばあさんが川で洗濯をしていると、ドンブラコ、ドンブラコと、大きな桃が流れてきました。"
yuta.fujimoto@example.net,,98999914,7999916,7999917,7999918,7999919,7999920,7999921,7999922,7999923,7999924,7999925,7999926,7999927,7999928,7999929,7999930,7999931,7999932,7999933,7999934,8998935,6999936,6999937,6999938,6999939,6999940,6999941,6999942,6999943,6999944,6999945,6999946,6999947,6999948,6999949,6999950,6999951,6999952,6999953,6999954,7887955,-53.75,-52.75,-51.75,-50.75,-49.75,-48.75,-47.75,-46.75,-45.75,-44.75,-43.75,-42.75,-41.75,-40.75,-39.75,-38.75,-37.75,-36.75,-35.75,"むかしむかし、あるところに、おじいさんとおばあさんが住んでいました。
　おじいさんは山へ柴刈りに、おばあさんは川へ洗濯に行きました。
　おばあさんが川で洗濯をしていると、ドンブラコ、ドンブラコと、大きな桃が流れてきました。"
duno@example.org,,98999900,7999902,7999903,7999904,7999905,7999906,7999907,7999908,7999909,7999910,7999911,7999912,7999913,7999914,7999915,7999916,7999917,7999918,7999919,7999920,8998921,6999922,6999923,6999924,6999925,6999926,6999927,6999928,6999929,6999930,6999931,6999932,6999933,6999934,6999935,6999936,6999937,6999938,6999939,6999940,7887941,-67.75,-66.75,-65.75,-64.75,-63.75,-62.75,-61.75,-60.75,-59.75,-58.75,-57.75,-56.75,-55.75,-54.75,-53.75,-52.75,-51.75,-50.75,-49.75,"むかしむかし、あるところに、おじいさんとおばあさんが住んでいました。
　おじいさんは山へ柴刈りに、おばあさんは川へ洗濯に行きました。
　おばあさんが川で洗濯をしていると、ドンブラコ、ドンブラコと、大きな桃が流れてきました。"
satomi.watanabe@example.org,,98999885,7999887,7999888,7999889,7999890,7999891,7999892,7999893,7999894,7999895,7999896,7999897,7999898,7999899,7999900,7999901,7999902,7999903,7999904,7999905,8998906,6999907,6999908,6999909,6999910,6999911,6999912,6999913,6999914,6999915,6999916,6999917,6999918,6999919,6999920,6999921,6999922,6999923,6999924,6999925,7887926,-82.75,-81.75,-80.75,-79.75,-78.75,-77.75,-76.75,-75.75,-74.75,-73.75,-72.75,-71.75,-70.75,-69.75,-68.75,-67.75,-66.75,-65.75,-64.75,"むかしむかし、あるところに、おじいさんとおばあさんが住んでいました。
　おじいさんは山へ柴刈りに、おばあさんは川へ洗濯に行きました。
　おばあさんが川で洗濯をしていると、ドンブラコ、ドンブラコと、大きな桃が流れてきました。"
aota.taichi@example.net,,98999869,7999871,7999872,7999873,7999874,7999875,7999876,7999877,7999878,7999879,7999880,7999881,7999882,7999883,7999884,7999885,7999886,7999887,7999888,7999889,8998890,6999891,6999892,6999893,6999894,6999895,6999896,6999897,6999898,6999899,6999900,6999901,6999902,6999903,6999904,6999905,6999906,6999907,6999908,6999909,7887910,-98.75,-97.75,-96.75,-95.75,-94.75,-93.75,-92.75,-91.75,-90.75,-89.75,-88.75,-87.75,-86.75,-85.75,-84.75,-83.75,-82.75,-81.75,-80.75,"むかしむかし、あるところに、おじいさんとおばあさんが住んでいました。
　おじいさんは山へ柴刈りに、おばあさんは川へ洗濯に行きました。
　おばあさんが川で洗濯をしていると、ドンブラコ、ドンブラコと、大きな桃が流れてきました。"
tanaka.soutaro@example.net,,98999852,7999854,7999855,7999856,7999857,7999858,7999859,7999860,7999861,7999862,7999863,7999864,7999865,7999866,7999867,7999868,7999869,7999870,7999871,7999872,8998873,6999874,6999875,6999876,6999877,6999878,6999879,6999880,6999881,6999882,6999883,6999884,6999885,6999886,6999887,6999888,6999889,6999890,6999891,6999892,7887893,-115.75,-114.75,-113.75,-112.75,-111.75,-110.75,-109.75,-108.75,-107.75,-106.75,-105.75,-104.75,-103.75,-102.75,-101.75,-100.75,-99.75,-98.75,-97.75,"むかしむかし、あるところに、おじいさんとおばあさんが住んでいました。
　おじいさんは山へ柴刈りに、おばあさんは川へ洗濯に行きました。
　おばあさんが川で洗濯をしていると、ドンブラコ、ドンブラコと、大きな桃が流れてきました。"
qnakajima@example.net,,98999834,7999836,7999837,7999838,7999839,7999840,7999841,7999842,7999843,7999844,7999845,7999846,7999847,7999848,7999849,7999850,7999851,7999852,7999853,7999854,8998855,6999856,6999857,6999858,6999859,6999860,6999861,6999862,6999863,6999864,6999865,6999866,6999867,6999868,6999869,6999870,6999871,6999872,6999873,6999874,7887875,-133.75,-132.75,-131.75,-130.75,-129.75,-128.75,-127.75,-126.75,-125.75,-124.75,-123.75,-122.75,-121.75,-120.75,-119.75,-118.75,-117.75,-116.75,-115.75,"むかしむかし、あるところに、おじいさんとおばあさんが住んでいました。
　おじいさんは山へ柴刈りに、おばあさんは川へ洗濯に行きました。
　おばあさんが川で洗濯をしていると、ドンブラコ、ドンブラコと、大きな桃が流れてきました。"
wuno@example.org,,98999815,7999817,7999818,7999819,7999820,7999821,7999822,7999823,7999824,7999825,7999826,7999827,7999828,7999829,7999830,7999831,7999832,7999833,7999834,7999835,8998836,6999837,6999838,6999839,6999840,6999841,6999842,6999843,6999844,6999845,6999846,6999847,6999848,6999849,6999850,6999851,6999852,6999853,6999854,6999855,7887856,-152.75,-151.75,-150.75,-149.75,-148.75,-147.75,-146.75,-145.75,-144.75,-143.75,-142.75,-141.75,-140.75,-139.75,-138.75,-137.75,-136.75,-135.75,-134.75,"むかしむかし、あるところに、おじいさんとおばあさんが住んでいました。
　おじいさんは山へ柴刈りに、おばあさんは川へ洗濯に行きました。
　おばあさんが川で洗濯をしていると、ドンブラコ、ドンブラコと、大きな桃が流れてきました。"
hideki51@example.com,,98999795,7999797,7999798,7999799,7999800,7999801,7999802,7999803,7999804,7999805,7999806,7999807,7999808,7999809,7999810,7999811,7999812,7999813,7999814,7999815,8998816,6999817,6999818,6999819,6999820,6999821,6999822,6999823,6999824,6999825,6999826,6999827,6999828,6999829,6999830,6999831,6999832,6999833,6999834,6999835,7887836,-172.75,-171.75,-170.75,-169.75,-168.75,-167.75,-166.75,-165.75,-164.75,-163.75,-162.75,-161.75,-160.75,-159.75,-158.75,-157.75,-156.75,-155.75,-154.75,"むかしむかし、あるところに、おじいさんとおばあさんが住んでいました。
　おじいさんは山へ柴刈りに、おばあさんは川へ洗濯に行きました。
　おばあさんが川で洗濯をしていると、ドンブラコ、ドンブラコと、大きな桃が流れてきました。"
kazuya47@example.com,,98999774,7999776,7999777,7999778,7999779,7999780,7999781,7999782,7999783,7999784,7999785,7999786,7999787,7999788,7999789,7999790,7999791,7999792,7999793,7999794,8998795,6999796,6999797,6999798,6999799,6999800,6999801,6999802,6999803,6999804,6999805,6999806,6999807,6999808,6999809,6999810,6999811,6999812,6999813,6999814,7887815,-193.75,-192.75,-191.75,-190.75,-189.75,-188.75,-187.75,-186.75,-185.75,-184.75,-183.75,-182.75,-181.75,-180.75,-179.75,-178.75,-177.75,-176.75,-175.75,"むかしむかし、あるところに、おじいさんとおばあさんが住んでいました。
　おじいさんは山へ柴刈りに、おばあさんは川へ洗濯に行きました。
　おばあさんが川で洗濯をしていると、ドンブラコ、ドンブラコと、大きな桃が流れてきました。"
bmurayama@example.net,,98999752,7999754,7999755,7999756,7999757,7999758,7999759,7999760,7999761,7999762,7999763,7999764,7999765,7999766,7999767,7999768,7999769,7999770,7999771,7999772,8998773,6999774,6999775,6999776,6999777,6999778,6999779,6999780,6999781,6999782,6999783,6999784,6999785,6999786,6999787,6999788,6999789,6999790,6999791,6999792,7887793,-215.75,-214.75,-213.75,-212.75,-211.75,-210.75,-209.75,-208.75,-207.75,-206.75,-205.75,-204.75,-203.75,-202.75,-201.75,-200.75,-199.75,-198.75,-197.75,"むかしむかし、あるところに、おじいさんとおばあさんが住んでいました。
　おじいさんは山へ柴刈りに、おばあさんは川へ洗濯に行きました。
　おばあさんが川で洗濯をしていると、ドンブラコ、ドンブラコと、大きな桃が流れてきました。"
soutaro.sakamoto@example.net,,98999729,7999731,7999732,7999733,7999734,7999735,7999736,7999737,7999738,7999739,7999740,7999741,7999742,7999743,7999744,7999745,7999746,7999747,7999748,7999749,8998750,6999751,6999752,6999753,6999754,6999755,6999756,6999757,6999758,6999759,6999760,6999761,6999762,6999763,6999764,6999765,6999766,6999767,6999768,6999769,7887770,-238.75,-237.75,-236.75,-235.75,-234.75,-233.75,-232.75,-231.75,-230.75,-229.75,-228.75,-227.75,-226.75,-225.75,-224.75,-223.75,-222.75,-221.75,-220.75,"むかしむかし、あるところに、おじいさんとおばあさんが住んでいました。
　おじいさんは山へ柴刈りに、おばあさんは川へ洗濯に行きました。
　おばあさんが川で洗濯をしていると、ドンブラコ、ドンブラコと、大きな桃が流れてきました。"
sasada.tsubasa@example.com,,98999705,7999707,7999708,7999709,7999710,7999711,7999712,7999713,7999714,7999715,7999716,7999717,7999718,7999719,7999720,7999721,7999722,7999723,7999724,7999725,8998726,6999727,6999728,6999729,6999730,6999731,6999732,6999733,6999734,6999735,6999736,6999737,6999738,6999739,6999740,6999741,6999742,6999743,6999744,6999745,7887746,-262.75,-261.75,-260.75,-259.75,-258.75,-257.75,-256.75,-255.75,-254.75,-253.75,-252.75,-251.75,-250.75,-249.75,-248.75,-247.75,-246.75,-245.75,-244.75,"むかしむかし、あるところに、おじいさんとおばあさんが住んでいました。
　おじいさんは山へ柴刈りに、おばあさんは川へ洗濯に行きました。
　おばあさんが川で洗濯をしていると、ドンブラコ、ドンブラコと、大きな桃が流れてきました。"
ryosuke40@example.net,,98999680,7999682,7999683,7999684,7999685,7999686,7999687,7999688,7999689,7999690,7999691,7999692,7999693,7999694,7999695,7999696,7999697,7999698,7999699,7999700,8998701,6999702,6999703,6999704,6999705,6999706,6999707,6999708,6999709,6999710,6999711,6999712,6999713,6999714,6999715,6999716,6999717,6999718,6999719,6999720,7887721,-287.75,-286.75,-285.75,-284.75,-283.75,-282.75,-281.75,-280.75,-279.75,-278.75,-277.75,-276.75,-275.75,-274.75,-273.75,-272.75,-271.75,-270.75,-269.75,"むかしむかし、あるところに、おじいさんとおばあさんが住んでいました。
　おじいさんは山へ柴刈りに、おばあさんは川へ洗濯に行きました。
　おばあさんが川で洗濯をしていると、ドンブラコ、ドンブラコと、大きな桃が流れてきました。"
sayuri34@example.net,,98999654,7999656,7999657,7999658,7999659,7999660,7999661,7999662,7999663,7999664,7999665,7999666,7999667,7999668,7999669,7999670,7999671,7999672,7999673,7999674,8998675,6999676,6999677,6999678,6999679,6999680,6999681,6999682,6999683,6999684,6999685,6999686,6999687,6999688,6999689,6999690,6999691,6999692,6999693,6999694,7887695,-313.75,-312.75,-311.75,-310.75,-309.75,-308.75,-307.75,-306.75,-305.75,-304.75,-303.75,-302.75,-301.75,-300.75,-299.75,-298.75,-297.75,-296.75,-295.75,"むかしむかし、あるところに、おじいさんとおばあさんが住んでいました。
　おじいさんは山へ柴刈りに、おばあさんは川へ洗濯に行きました。
　おばあさんが川で洗濯をしていると、ドンブラコ、ドンブラコと、大きな桃が流れてきました。"
hsaito@example.org,,98999627,7999629,7999630,7999631,7999632,7999633,7999634,7999635,7999636,7999637,7999638,7999639,7999640,7999641,7999642,7999643,7999644,7999645,7999646,7999647,8998648,6999649,6999650,6999651,6999652,6999653,6999654,6999655,6999656,6999657,6999658,6999659,6999660,6999661,6999662,6999663,6999664,6999665,6999666,6999667,7887668,-340.75,-339.75,-338.75,-337.75,-336.75,-335.75,-334.75,-333.75,-332.75,-331.75,-330.75,-329.75,-328.75,-327.75,-326.75,-325.75,-324.75,-323.75,-322.75,"むかしむかし、あるところに、おじいさんとおばあさんが住んでいました。
　おじいさんは山へ柴刈りに、おばあさんは川へ洗濯に行きました。
　おばあさんが川で洗濯をしていると、ドンブラコ、ドンブラコと、大きな桃が流れてきました。"
yuki28@example.org,,98999599,7999601,7999602,7999603,7999604,7999605,7999606,7999607,7999608,7999609,7999610,7999611,7999612,7999613,7999614,7999615,7999616,7999617,7999618,7999619,8998620,6999621,6999622,6999623,6999624,6999625,6999626,6999627,6999628,6999629,6999630,6999631,6999632,6999633,6999634,6999635,6999636,6999637,6999638,6999639,7887640,-368.75,-367.75,-366.75,-365.75,-364.75,-363.75,-362.75,-361.75,-360.75,-359.75,-358.75,-357.75,-356.75,-355.75,-354.75,-353.75,-352.75,-351.75,-350.75,"むかしむかし、あるところに、おじいさんとおばあさんが住んでいました。
　おじいさんは山へ柴刈りに、おばあさんは川へ洗濯に行きました。
　おばあさんが川で洗濯をしていると、ドンブラコ、ドンブラコと、大きな桃が流れてきました。"
maaya47@example.net,,98999570,7999572,7999573,7999574,7999575,7999576,7999577,7999578,7999579,7999580,7999581,7999582,7999583,7999584,7999585,7999586,7999587,7999588,7999589,7999590,8998591,6999592,6999593,6999594,6999595,6999596,6999597,6999598,6999599,6999600,6999601,6999602,6999603,6999604,6999605,6999606,6999607,6999608,6999609,6999610,7887611,-397.75,-396.75,-395.75,-394.75,-393.75,-392.75,-391.75,-390.75,-389.75,-388.75,-387.75,-386.75,-385.75,-384.75,-383.75,-382.75,-381.75,-380.75,-379.75,"むかしむかし、あるところに、おじいさんとおばあさんが住んでいました。
　おじいさんは山へ柴刈りに、おばあさんは川へ洗濯に行きました。
　おばあさんが川で洗濯をしていると、ドンブラコ、ドンブラコと、大きな桃が流れてきました。"
ikanou@example.com,,98999540,7999542,7999543,7999544,7999545,7999546,7999547,7999548,7999549,7999550,7999551,7999552,7999553,7999554,7999555,7999556,7999557,7999558,7999559,7999560,8998561,6999562,6999563,6999564,6999565,6999566,6999567,6999568,6999569,6999570,6999571,6999572,6999573,6999574,6999575,6999576,6999577,6999578,6999579,6999580,7887581,-427.75,-426.75,-425.75,-424.75,-423.75,-422.75,-421.75,-420.75,-419.75,-418.75,-417.75,-416.75,-415.75,-414.75,-413.75,-412.75,-411.75,-410.75,-409.75,"むかしむかし、あるところに、おじいさんとおばあさんが住んでいました。
　おじいさんは山へ柴刈りに、おばあさんは川へ洗濯に行きました。
　おばあさんが川で洗濯をしていると、ドンブラコ、ドンブラコと、大きな桃が流れてきました。"
tomoya.nagisa@example.net,,98999509,7999511,7999512,7999513,7999514,7999515,7999516,7999517,7999518,7999519,7999520,7999521,7999522,7999523,7999524,7999525,7999526,7999527,7999528,7999529,8998530,6999531,6999532,6999533,6999534,6999535,6999536,6999537,6999538,6999539,6999540,6999541,6999542,6999543,6999544,6999545,6999546,6999547,6999548,6999549,7887550,-458.75,-457.75,-456.75,-455.75,-454.75,-453.75,-452.75,-451.75,-450.75,-449.75,-448.75,-447.75,-446.75,-445.75,-444.75,-443.75,-442.75,-441.75,-440.75,"むかしむかし、あるところに、おじいさんとおばあさんが住んでいました。
　おじいさんは山へ柴刈りに、おばあさんは川へ洗濯に行きました。
　おばあさんが川で洗濯をしていると、ドンブラコ、ドンブラコと、大きな桃が流れてきました。"
asuka23@example.org,,98999477,7999479,7999480,7999481,7999482,7999483,7999484,7999485,7999486,7999487,7999488,7999489,7999490,7999491,7999492,7999493,7999494,7999495,7999496,7999497,8998498,6999499,6999500,6999501,6999502,6999503,6999504,6999505,6999506,6999507,6999508,6999509,6999510,6999511,6999512,6999513,6999514,6999515,6999516,6999517,7887518,-490.75,-489.75,-488.75,-487.75,-486.75,-485.75,-484.75,-483.75,-482.75,-481.75,-480.75,-479.75,-478.75,-477.75,-476.75,-475.75,-474.75,-473.75,-472.75,"むかしむかし、あるところに、おじいさんとおばあさんが住んでいました。
　おじいさんは山へ柴刈りに、おばあさんは川へ洗濯に行きました。
　おばあさんが川で洗濯をしていると、ドンブラコ、ドンブラコと、大きな桃が流れてきました。"
yuki.aoyama@example.org,,98999444,7999446,7999447,7999448,7999449,7999450,7999451,7999452,7999453,7999454,7999455,7999456,7999457,7999458,7999459,7999460,7999461,7999462,7999463,7999464,8998465,6999466,6999467,6999468,6999469,6999470,6999471,6999472,6999473,6999474,6999475,6999476,6999477,6999478,6999479,6999480,6999481,6999482,6999483,6999484,7887485,-523.75,-522.75,-521.75,-520.75,-519.75,-518.75,-517.75,-516.75,-515.75,-514.75,-513.75,-512.75,-511.75,-510.75,-509.75,-508.75,-507.75,-506.75,-505.75,"むかしむかし、あるところに、おじいさんとおばあさんが住んでいました。
　おじいさんは山へ柴刈りに、おばあさんは川へ洗濯に行きました。
　おばあさんが川で洗濯をしていると、ドンブラコ、ドンブラコと、大きな桃が流れてきました。"
htakahashi@example.com,,98999410,7999412,7999413,7999414,7999415,7999416,7999417,7999418,7999419,7999420,7999421,7999422,7999423,7999424,7999425,7999426,7999427,7999428,7999429,7999430,8998431,6999432,6999433,6999434,6999435,6999436,6999437,6999438,6999439,6999440,6999441,6999442,6999443,6999444,6999445,6999446,6999447,6999448,6999449,6999450,7887451,-557.75,-556.75,-555.75,-554.75,-553.75,-552.75,-551.75,-550.75,-549.75,-548.75,-547.75,-546.75,-545.75,-544.75,-543.75,-542.75,-541.75,-540.75,-539.75,"むかしむかし、あるところに、おじいさんとおばあさんが住んでいました。
　おじいさんは山へ柴刈りに、おばあさんは川へ洗濯に行きました。
　おばあさんが川で洗濯をしていると、ドンブラコ、ドンブラコと、大きな桃が流れてきました。"
mai49@example.org,,98999375,7999377,7999378,7999379,7999380,7999381,7999382,7999383,7999384,7999385,7999386,7999387,7999388,7999389,7999390,7999391,7999392,7999393,7999394,7999395,8998396,6999397,6999398,6999399,6999400,6999401,6999402,6999403,6999404,6999405,6999406,6999407,6999408,6999409,6999410,6999411,6999412,6999413,6999414,6999415,7887416,-592.75,-591.75,-590.75,-589.75,-588.75,-587.75,-586.75,-585.75,-584.75,-583.75,-582.75,-581.75,-580.75,-579.75,-578.75,-577.75,-576.75,-575.75,-574.75,"むかしむかし、あるところに、おじいさんとおばあさんが住んでいました。
　おじいさんは山へ柴刈りに、おばあさんは川へ洗濯に行きました。
　おばあさんが川で洗濯をしていると、ドンブラコ、ドンブラコと、大きな桃が流れてきました。"
ito.kenichi@example.com,,98999339,7999341,7999342,7999343,7999344,7999345,7999346,7999347,7999348,7999349,7999350,7999351,7999352,7999353,7999354,7999355,7999356,7999357,7999358,7999359,8998360,6999361,6999362,6999363,6999364,6999365,6999366,6999367,6999368,6999369,6999370,6999371,6999372,6999373,6999374,6999375,6999376,6999377,6999378,6999379,7887380,-628.75,-627.75,-626.75,-625.75,-624.75,-623.75,-622.75,-621.75,-620.75,-619.75,-618.75,-617.75,-616.75,-615.75,-614.75,-613.75,-612.75,-611.75,-610.75,"むかしむかし、あるところに、おじいさんとおばあさんが住んでいました。
　おじいさんは山へ柴刈りに、おばあさんは川へ洗濯に行きました。
　おばあさんが川で洗濯をしていると、ドンブラコ、ドンブラコと、大きな桃が流れてきました。"
bsasada@example.org,,98999302,7999304,7999305,7999306,7999307,7999308,7999309,7999310,7999311,7999312,7999313,7999314,7999315,7999316,7999317,7999318,7999319,7999320,7999321,7999322,8998323,6999324,6999325,6999326,6999327,6999328,6999329,6999330,6999331,6999332,6999333,6999334,6999335,6999336,6999337,6999338,6999339,6999340,6999341,6999342,7887343,-665.75,-664.75,-663.75,-662.75,-661.75,-660.75,-659.75,-658.75,-657.75,-656.75,-655.75,-654.75,-653.75,-652.75,-651.75,-650.75,-649.75,-648.75,-647.75,"むかしむかし、あるところに、おじいさんとおばあさんが住んでいました。
　おじいさんは山へ柴刈りに、おばあさんは川へ洗濯に行きました。
　おばあさんが川で洗濯をしていると、ドンブラコ、ドンブラコと、大きな桃が流れてきました。"
bsuzuki@example.com,,98999264,7999266,7999267,7999268,7999269,7999270,7999271,7999272,7999273,7999274,7999275,7999276,7999277,7999278,7999279,7999280,7999281,7999282,7999283,7999284,8998285,6999286,6999287,6999288,6999289,6999290,6999291,6999292,6999293,6999294,6999295,6999296,6999297,6999298,6999299,6999300,6999301,6999302,6999303,6999304,7887305,-703.75,-702.75,-701.75,-700.75,-699.75,-698.75,-697.75,-696.75,-695.75,-694.75,-693.75,-692.75,-691.75,-690.75,-689.75,-688.75,-687.75,-686.75,-685.75,"むかしむかし、あるところに、おじいさんとおばあさんが住んでいました。
　おじいさんは山へ柴刈りに、おばあさんは川へ洗濯に行きました。
　おばあさんが川で洗濯をしていると、ドンブラコ、ドンブラコと、大きな桃が流れてきました。"
usasada@example.org,,98999225,7999227,7999228,7999229,7999230,7999231,7999232,7999233,7999234,7999235,7999236,7999237,7999238,7999239,7999240,7999241,7999242,7999243,7999244,7999245,8998246,6999247,6999248,6999249,6999250,6999251,6999252,6999253,6999254,6999255,6999256,6999257,6999258,6999259,6999260,6999261,6999262,6999263,6999264,6999265,7887266,-742.75,-741.75,-740.75,-739.75,-738.75,-737.75,-736.75,-735.75,-734.75,-733.75,-732.75,-731.75,-730.75,-729.75,-728.75,-727.75,-726.75,-725.75,-724.75,"むかしむかし、あるところに、おじいさんとおばあさんが住んでいました。
　おじいさんは山へ柴刈りに、おばあさんは川へ洗濯に行きました。
　おばあさんが川で洗濯をしていると、ドンブラコ、ドンブラコと、大きな桃が流れてきました。"
xmiyake@example.com,,98999185,7999187,7999188,7999189,7999190,7999191,7999192,7999193,7999194,7999195,7999196,7999197,7999198,7999199,7999200,7999201,7999202,7999203,7999204,7999205,8998206,6999207,6999208,6999209,6999210,6999211,6999212,6999213,6999214,6999215,6999216,6999217,6999218,6999219,6999220,6999221,6999222,6999223,6999224,6999225,7887226,-782.75,-781.75,-780.75,-779.75,-778.75,-777.75,-776.75,-775.75,-774.75,-773.75,-772.75,-771.75,-770.75,-769.75,-768.75,-767.75,-766.75,-765.75,-764.75,"むかしむかし、あるところに、おじいさんとおばあさんが住んでいました。
　おじいさんは山へ柴刈りに、おばあさんは川へ洗濯に行きました。
　おばあさんが川で洗濯をしていると、ドンブラコ、ドンブラコと、大きな桃が流れてきました。"
kijima.minoru@example.org,,98999144,7999146,7999147,7999148,7999149,7999150,7999151,7999152,7999153,7999154,7999155,7999156,7999157,7999158,7999159,7999160,7999161,7999162,7999163,7999164,8998165,6999166,6999167,6999168,6999169,6999170,6999171,6999172,6999173,6999174,6999175,6999176,6999177,6999178,6999179,6999180,6999181,6999182,6999183,6999184,7887185,-823.75,-822.75,-821.75,-820.75,-819.75,-818.75,-817.75,-816.75,-815.75,-814.75,-813.75,-812.75,-811.75,-810.75,-809.75,-808.75,-807.75,-806.75,-805.75,"むかしむかし、あるところに、おじいさんとおばあさんが住んでいました。
　おじいさんは山へ柴刈りに、おばあさんは川へ洗濯に行きました。
　おばあさんが川で洗濯をしていると、ドンブラコ、ドンブラコと、大きな桃が流れてきました。"
yishida@example.com,,98999102,7999104,7999105,7999106,7999107,7999108,7999109,7999110,7999111,7999112,7999113,7999114,7999115,7999116,7999117,7999118,7999119,7999120,7999121,7999122,8998123,6999124,6999125,6999126,6999127,6999128,6999129,6999130,6999131,6999132,6999133,6999134,6999135,6999136,6999137,6999138,6999139,6999140,6999141,6999142,7887143,-865.75,-864.75,-863.75,-862.75,-861.75,-860.75,-859.75,-858.75,-857.75,-856.75,-855.75,-854.75,-853.75,-852.75,-851.75,-850.75,-849.75,-848.75,-847.75,"むかしむかし、あるところに、おじいさんとおばあさんが住んでいました。
　おじいさんは山へ柴刈りに、おばあさんは川へ洗濯に行きました。
　おばあさんが川で洗濯をしていると、ドンブラコ、ドンブラコと、大きな桃が流れてきました。"
fkijima@example.net,,98999059,7999061,7999062,7999063,7999064,7999065,7999066,7999067,7999068,7999069,7999070,7999071,7999072,7999073,7999074,7999075,7999076,7999077,7999078,7999079,8998080,6999081,6999082,6999083,6999084,6999085,6999086,6999087,6999088,6999089,6999090,6999091,6999092,6999093,6999094,6999095,6999096,6999097,6999098,6999099,7887100,-908.75,-907.75,-906.75,-905.75,-904.75,-903.75,-902.75,-901.75,-900.75,-899.75,-898.75,-897.75,-896.75,-895.75,-894.75,-893.75,-892.75,-891.75,-890.75,"むかしむかし、あるところに、おじいさんとおばあさんが住んでいました。
　おじいさんは山へ柴刈りに、おばあさんは川へ洗濯に行きました。
　おばあさんが川で洗濯をしていると、ドンブラコ、ドンブラコと、大きな桃が流れてきました。"
ryosuke95@example.org,,98999015,7999017,7999018,7999019,7999020,7999021,7999022,7999023,7999024,7999025,7999026,7999027,7999028,7999029,7999030,7999031,7999032,7999033,7999034,7999035,8998036,6999037,6999038,6999039,6999040,6999041,6999042,6999043,6999044,6999045,6999046,6999047,6999048,6999049,6999050,6999051,6999052,6999053,6999054,6999055,7887056,-952.75,-951.75,-950.75,-949.75,-948.75,-947.75,-946.75,-945.75,-944.75,-943.75,-942.75,-941.75,-940.75,-939.75,-938.75,-937.75,-936.75,-935.75,-934.75,"むかしむかし、あるところに、おじいさんとおばあさんが住んでいました。
　おじいさんは山へ柴刈りに、おばあさんは川へ洗濯に行きました。
　おばあさんが川で洗濯をしていると、ドンブラコ、ドンブラコと、大きな桃が流れてきました。"
ogaki.rika@example.net,,98998970,7998972,7998973,7998974,7998975,7998976,7998977,7998978,7998979,7998980,7998981,7998982,7998983,7998984,7998985,7998986,7998987,7998988,7998989,7998990,8997991,6998992,6998993,6998994,6998995,6998996,6998997,6998998,6998999,6999000,6999001,6999002,6999003,6999004,6999005,6999006,6999007,6999008,6999009,6999010,7887011,-997.75,-996.75,-995.75,-994.75,-993.75,-992.75,-991.75,-990.75,-989.75,-988.75,-987.75,-986.75,-985.75,-984.75,-983.75,-982.75,-981.75,-980.75,-979.75,"むかしむかし、あるところに、おじいさんとおばあさんが住んでいました。
　おじいさんは山へ柴刈りに、おばあさんは川へ洗濯に行きました。
　おばあさんが川で洗濯をしていると、ドンブラコ、ドンブラコと、大きな桃が流れてきました。"
taichi.murayama@example.org,,98998924,7998926,7998927,7998928,7998929,7998930,7998931,7998932,7998933,7998934,7998935,7998936,7998937,7998938,7998939,7998940,7998941,7998942,7998943,7998944,8997945,6998946,6998947,6998948,6998949,6998950,6998951,6998952,6998953,6998954,6998955,6998956,6998957,6998958,6998959,6998960,6998961,6998962,6998963,6998964,7886965,-1043.75,-1042.75,-1041.75,-1040.75,-1039.75,-1038.75,-1037.75,-1036.75,-1035.75,-1034.75,-1033.75,-1032.75,-1031.75,-1030.75,-1029.75,-1028.75,-1027.75,-1026.75,-1025.75,"むかしむかし、あるところに、おじいさんとおばあさんが住んでいました。
　おじいさんは山へ柴刈りに、おばあさんは川へ洗濯に行きました。
　おばあさんが川で洗濯をしていると、ドンブラコ、ドンブラコと、大きな桃が流れてきました。"
rika56@example.com,,98998877,7998879,7998880,7998881,7998882,7998883,7998884,7998885,7998886,7998887,7998888,7998889,7998890,7998891,7998892,7998893,7998894,7998895,7998896,7998897,8997898,6998899,6998900,6998901,6998902,6998903,6998904,6998905,6998906,6998907,6998908,6998909,6998910,6998911,6998912,6998913,6998914,6998915,6998916,6998917,7886918,-1090.75,-1089.75,-1088.75,-1087.75,-1086.75,-1085.75,-1084.75,-1083.75,-1082.75,-1081.75,-1080.75,-1079.75,-1078.75,-1077.75,-1076.75,-1075.75,-1074.75,-1073.75,-1072.75,"むかしむかし、あるところに、おじいさんとおばあさんが住んでいました。
　おじいさんは山へ柴刈りに、おばあさんは川へ洗濯に行きました。
　おばあさんが川で洗濯をしていると、ドンブラコ、ドンブラコと、大きな桃が流れてきました。"
nagisa.tsubasa@example.com,,98998829,7998831,7998832,7998833,7998834,7998835,7998836,7998837,7998838,7998839,7998840,7998841,7998842,7998843,7998844,7998845,7998846,7998847,7998848,7998849,8997850,6998851,6998852,6998853,6998854,6998855,6998856,6998857,6998858,6998859,6998860,6998861,6998862,6998863,6998864,6998865,6998866,6998867,6998868,6998869,7886870,-1138.75,-1137.75,-1136.75,-1135.75,-1134.75,-1133.75,-1132.75,-1131.75,-1130.75,-1129.75,-1128.75,-1127.75,-1126.75,-1125.75,-1124.75,-1123.75,-1122.75,-1121.75,-1120.75,"むかしむかし、あるところに、おじいさんとおばあさんが住んでいました。
　おじいさんは山へ柴刈りに、おばあさんは川へ洗濯に行きました。
　おばあさんが川で洗濯をしていると、ドンブラコ、ドンブラコと、大きな桃が流れてきました。"
oyamagishi@example.com,,98998780,7998782,7998783,7998784,7998785,7998786,7998787,7998788,7998789,7998790,7998791,7998792,7998793,7998794,7998795,7998796,7998797,7998798,7998799,7998800,8997801,6998802,6998803,6998804,6998805,6998806,6998807,6998808,6998809,6998810,6998811,6998812,6998813,6998814,6998815,6998816,6998817,6998818,6998819,6998820,7886821,-1187.75,-1186.75,-1185.75,-1184.75,-1183.75,-1182.75,-1181.75,-1180.75,-1179.75,-1178.75,-1177.75,-1176.75,-1175.75,-1174.75,-1173.75,-1172.75,-1171.75,-1170.75,-1169.75,"むかしむかし、あるところに、おじいさんとおばあさんが住んでいました。
　おじいさんは山へ柴刈りに、おばあさんは川へ洗濯に行きました。
　おばあさんが川で洗濯をしていると、ドンブラコ、ドンブラコと、大きな桃が流れてきました。"
aota.sayuri@example.com,,98998730,7998732,7998733,7998734,7998735,7998736,7998737,7998738,7998739,7998740,7998741,7998742,7998743,7998744,7998745,7998746,7998747,7998748,7998749,7998750,8997751,6998752,6998753,6998754,6998755,6998756,6998757,6998758,6998759,6998760,6998761,6998762,6998763,6998764,6998765,6998766,6998767,6998768,6998769,6998770,7886771,-1237.75,-1236.75,-1235.75,-1234.75,-1233.75,-1232.75,-1231.75,-1230.75,-1229.75,-1228.75,-1227.75,-1226.75,-1225.75,-1224.75,-1223.75,-1222.75,-1221.75,-1220.75,-1219.75,"むかしむかし、あるところに、おじいさんとおばあさんが住んでいました。
　おじいさんは山へ柴刈りに、おばあさんは川へ洗濯に行きました。
　おばあさんが川で洗濯をしていると、ドンブラコ、ドンブラコと、大きな桃が流れてきました。"
miki27@example.com,,98998679,7998681,7998682,7998683,7998684,7998685,7998686,7998687,7998688,7998689,7998690,7998691,7998692,7998693,7998694,7998695,7998696,7998697,7998698,7998699,8997700,6998701,6998702,6998703,6998704,6998705,6998706,6998707,6998708,6998709,6998710,6998711,6998712,6998713,6998714,6998715,6998716,6998717,6998718,6998719,7886720,-1288.75,-1287.75,-1286.75,-1285.75,-1284.75,-1283.75,-1282.75,-1281.75,-1280.75,-1279.75,-1278.75,-1277.75,-1276.75,-1275.75,-1274.75,-1273.75,-1272.75,-1271.75,-1270.75,"むかしむかし、あるところに、おじいさんとおばあさんが住んでいました。
　おじいさんは山へ柴刈りに、おばあさんは川へ洗濯に行きました。
　おばあさんが川で洗濯をしていると、ドンブラコ、ドンブラコと、大きな桃が流れてきました。"
nakajima.naoko@example.org,,98998627,7998629,7998630,7998631,7998632,7998633,7998634,7998635,7998636,7998637,7998638,7998639,7998640,7998641,7998642,7998643,7998644,7998645,7998646,7998647,8997648,6998649,6998650,6998651,6998652,6998653,6998654,6998655,6998656,6998657,6998658,6998659,6998660,6998661,6998662,6998663,6998664,6998665,6998666,6998667,7886668,-1340.75,-1339.75,-1338.75,-1337.75,-1336.75,-1335.75,-1334.75,-1333.75,-1332.75,-1331.75,-1330.75,-1329.75,-1328.75,-1327.75,-1326.75,-1325.75,-1324.75,-1323.75,-1322.75,"むかしむかし、あるところに、おじいさんとおばあさんが住んでいました。
　おじいさんは山へ柴刈りに、おばあさんは川へ洗濯に行きました。
　おばあさんが川で洗濯をしていると、ドンブラコ、ドンブラコと、大きな桃が流れてきました。"
jkato@example.net,,98998574,7998576,7998577,7998578,7998579,7998580,7998581,7998582,7998583,7998584,7998585,7998586,7998587,7998588,7998589,7998590,7998591,7998592,7998593,7998594,8997595,6998596,6998597,6998598,6998599,6998600,6998601,6998602,6998603,6998604,6998605,6998606,6998607,6998608,6998609,6998610,6998611,6998612,6998613,6998614,7886615,-1393.75,-1392.75,-1391.75,-1390.75,-1389.75,-1388.75,-1387.75,-1386.75,-1385.75,-1384.75,-1383.75,-1382.75,-1381.75,-1380.75,-1379.75,-1378.75,-1377.75,-1376.75,-1375.75,"むかしむかし、あるところに、おじいさんとおばあさんが住んでいました。
　おじいさんは山へ柴刈りに、おばあさんは川へ洗濯に行きました。
　おばあさんが川で洗濯をしていると、ドンブラコ、ドンブラコと、大きな桃が流れてきました。"
efujimoto@example.org,,98998520,7998522,7998523,7998524,7998525,7998526,7998527,7998528,7998529,7998530,7998531,7998532,7998533,7998534,7998535,7998536,7998537,7998538,7998539,7998540,8997541,6998542,6998543,6998544,6998545,6998546,6998547,6998548,6998549,6998550,6998551,6998552,6998553,6998554,6998555,6998556,6998557,6998558,6998559,6998560,7886561,-1447.75,-1446.75,-1445.75,-1444.75,-1443.75,-1442.75,-1441.75,-1440.75,-1439.75,-1438.75,-1437.75,-1436.75,-1435.75,-1434.75,-1433.75,-1432.75,-1431.75,-1430.75,-1429.75,"むかしむかし、あるところに、おじいさんとおばあさんが住んでいました。
　おじいさんは山へ柴刈りに、おばあさんは川へ洗濯に行きました。
　おばあさんが川で洗濯をしていると、ドンブラコ、ドンブラコと、大きな桃が流れてきました。"
osamu22@example.com,,98998465,7998467,7998468,7998469,7998470,7998471,7998472,7998473,7998474,7998475,7998476,7998477,7998478,7998479,7998480,7998481,7998482,7998483,7998484,7998485,8997486,6998487,6998488,6998489,6998490,6998491,6998492,6998493,6998494,6998495,6998496,6998497,6998498,6998499,6998500,6998501,6998502,6998503,6998504,6998505,7886506,-1502.75,-1501.75,-1500.75,-1499.75,-1498.75,-1497.75,-1496.75,-1495.75,-1494.75,-1493.75,-1492.75,-1491.75,-1490.75,-1489.75,-1488.75,-1487.75,-1486.75,-1485.75,-1484.75,"むかしむかし、あるところに、おじいさんとおばあさんが住んでいました。
　おじいさんは山へ柴刈りに、おばあさんは川へ洗濯に行きました。
　おばあさんが川で洗濯をしていると、ドンブラコ、ドンブラコと、大きな桃が流れてきました。"
osamu.yoshida@example.com,,98998409,7998411,7998412,7998413,7998414,7998415,7998416,7998417,7998418,7998419,7998420,7998421,7998422,7998423,7998424,7998425,7998426,7998427,7998428,7998429,8997430,6998431,6998432,6998433,6998434,6998435,6998436,6998437,6998438,6998439,6998440,6998441,6998442,6998443,6998444,6998445,6998446,6998447,6998448,6998449,7886450,-1558.75,-1557.75,-1556.75,-1555.75,-1554.75,-1553.75,-1552.75,-1551.75,-1550.75,-1549.75,-1548.75,-1547.75,-1546.75,-1545.75,-1544.75,-1543.75,-1542.75,-1541.75,-1540.75,"むかしむかし、あるところに、おじいさんとおばあさんが住んでいました。
　おじいさんは山へ柴刈りに、おばあさんは川へ洗濯に行きました。
　おばあさんが川で洗濯をしていると、ドンブラコ、ドンブラコと、大きな桃が流れてきました。"
taichi.kondo@example.org,,98998352,7998354,7998355,7998356,7998357,7998358,7998359,7998360,7998361,7998362,7998363,7998364,7998365,7998366,7998367,7998368,7998369,7998370,7998371,7998372,8997373,6998374,6998375,6998376,6998377,6998378,6998379,6998380,6998381,6998382,6998383,6998384,6998385,6998386,6998387,6998388,6998389,6998390,6998391,6998392,7886393,-1615.75,-1614.75,-1613.75,-1612.75,-1611.75,-1610.75,-1609.75,-1608.75,-1607.75,-1606.75,-1605.75,-1604.75,-1603.75,-1602.75,-1601.75,-1600.75,-1599.75,-1598.75,-1597.75,"むかしむかし、あるところに、おじいさんとおばあさんが住んでいました。
　おじいさんは山へ柴刈りに、おばあさんは川へ洗濯に行きました。
　おばあさんが川で洗濯をしていると、ドンブラコ、ドンブラコと、大きな桃が流れてきました。"
gkoizumi@example.com,,98998294,7998296,7998297,7998298,7998299,7998300,7998301,7998302,7998303,7998304,7998305,7998306,7998307,7998308,7998309,7998310,7998311,7998312,7998313,7998314,8997315,6998316,6998317,6998318,6998319,6998320,6998321,6998322,6998323,6998324,6998325,6998326,6998327,6998328,6998329,6998330,6998331,6998332,6998333,6998334,7886335,-1673.75,-1672.75,-1671.75,-1670.75,-1669.75,-1668.75,-1667.75,-1666.75,-1665.75,-1664.75,-1663.75,-1662.75,-1661.75,-1660.75,-1659.75,-1658.75,-1657.75,-1656.75,-1655.75,"むかしむかし、あるところに、おじいさんとおばあさんが住んでいました。
　おじいさんは山へ柴刈りに、おばあさんは川へ洗濯に行きました。
　おばあさんが川で洗濯をしていると、ドンブラコ、ドンブラコと、大きな桃が流れてきました。"
ayamamoto@example.com,,98998235,7998237,7998238,7998239,7998240,7998241,7998242,7998243,7998244,7998245,7998246,7998247,7998248,7998249,7998250,7998251,7998252,7998253,7998254,7998255,8997256,6998257,6998258,6998259,6998260,6998261,6998262,6998263,6998264,6998265,6998266,6998267,6998268,6998269,6998270,6998271,6998272,6998273,6998274,6998275,7886276,-1732.75,-1731.75,-1730.75,-1729.75,-1728.75,-1727.75,-1726.75,-1725.75,-1724.75,-1723.75,-1722.75,-1721.75,-1720.75,-1719.75,-1718.75,-1717.75,-1716.75,-1715.75,-1714.75,"むかしむかし、あるところに、おじいさんとおばあさんが住んでいました。
　おじいさんは山へ柴刈りに、おばあさんは川へ洗濯に行きました。
　おばあさんが川で洗濯をしていると、ドンブラコ、ドンブラコと、大きな桃が流れてきました。"
mtsuda@example.net,,98998175,7998177,7998178,7998179,7998180,7998181,7998182,7998183,7998184,7998185,7998186,7998187,7998188,7998189,7998190,7998191,7998192,7998193,7998194,7998195,8997196,6998197,6998198,6998199,6998200,6998201,6998202,6998203,6998204,6998205,6998206,6998207,6998208,6998209,6998210,6998211,6998212,6998213,6998214,6998215,7886216,-1792.75,-1791.75,-1790.75,-1789.75,-1788.75,-1787.75,-1786.75,-1785.75,-1784.75,-1783.75,-1782.75,-1781.75,-1780.75,-1779.75,-1778.75,-1777.75,-1776.75,-1775.75,-1774.75,"むかしむかし、あるところに、おじいさんとおばあさんが住んでいました。
　おじいさんは山へ柴刈りに、おばあさんは川へ洗濯に行きました。
　おばあさんが川で洗濯をしていると、ドンブラコ、ドンブラコと、大きな桃が流れてきました。"
osamu.nomura@example.org,,98998114,7998116,7998117,7998118,7998119,7998120,7998121,7998122,7998123,7998124,7998125,7998126,7998127,7998128,7998129,7998130,7998131,7998132,7998133,7998134,8997135,6998136,6998137,6998138,6998139,6998140,6998141,6998142,6998143,6998144,6998145,6998146,6998147,6998148,6998149,6998150,6998151,6998152,6998153,6998154,7886155,-1853.75,-1852.75,-1851.75,-1850.75,-1849.75,-1848.75,-1847.75,-1846.75,-1845.75,-1844.75,-1843.75,-1842.75,-1841.75,-1840.75,-1839.75,-1838.75,-1837.75,-1836.75,-1835.75,"むかしむかし、あるところに、おじいさんとおばあさんが住んでいました。
　おじいさんは山へ柴刈りに、おばあさんは川へ洗濯に行きました。
　おばあさんが川で洗濯をしていると、ドンブラコ、ドンブラコと、大きな桃が流れてきました。"
psuzuki@example.com,,98998052,7998054,7998055,7998056,7998057,7998058,7998059,7998060,7998061,7998062,7998063,7998064,7998065,7998066,7998067,7998068,7998069,7998070,7998071,7998072,8997073,6998074,6998075,6998076,6998077,6998078,6998079,6998080,6998081,6998082,6998083,6998084,6998085,6998086,6998087,6998088,6998089,6998090,6998091,6998092,7886093,-1915.75,-1914.75,-1913.75,-1912.75,-1911.75,-1910.75,-1909.75,-1908.75,-1907.75,-1906.75,-1905.75,-1904.75,-1903.75,-1902.75,-1901.75,-1900.75,-1899.75,-1898.75,-1897.75,"むかしむかし、あるところに、おじいさんとおばあさんが住んでいました。
　おじいさんは山へ柴刈りに、おばあさんは川へ洗濯に行きました。
　おばあさんが川で洗濯をしていると、ドンブラコ、ドンブラコと、大きな桃が流れてきました。"
kudo.hideki@example.org,,98997989,7997991,7997992,7997993,7997994,7997995,7997996,7997997,7997998,7997999,7998000,7998001,7998002,7998003,7998004,7998005,7998006,7998007,7998008,7998009,8997010,6998011,6998012,6998013,6998014,6998015,6998016,6998017,6998018,6998019,6998020,6998021,6998022,6998023,6998024,6998025,6998026,6998027,6998028,6998029,7886030,-1978.75,-1977.75,-1976.75,-1975.75,-1974.75,-1973.75,-1972.75,-1971.75,-1970.75,-1969.75,-1968.75,-1967.75,-1966.75,-1965.75,-1964.75,-1963.75,-1962.75,-1961.75,-1960.75,"むかしむかし、あるところに、おじいさんとおばあさんが住んでいました。
　おじいさんは山へ柴刈りに、おばあさんは川へ洗濯に行きました。
　おばあさんが川で洗濯をしていると、ドンブラコ、ドンブラコと、大きな桃が流れてきました。"
saito.manabu@example.net,,98997925,7997927,7997928,7997929,7997930,7997931,7997932,7997933,7997934,7997935,7997936,7997937,7997938,7997939,7997940,7997941,7997942,7997943,7997944,7997945,8996946,6997947,6997948,6997949,6997950,6997951,6997952,6997953,6997954,6997955,6997956,6997957,6997958,6997959,6997960,6997961,6997962,6997963,6997964,6997965,7885966,-2042.75,-2041.75,-2040.75,-2039.75,-2038.75,-2037.75,-2036.75,-2035.75,-2034.75,-2033.75,-2032.75,-2031.75,-2030.75,-2029.75,-2028.75,-2027.75,-2026.75,-2025.75,-2024.75,"むかしむかし、あるところに、おじいさんとおばあさんが住んでいました。
　おじいさんは山へ柴刈りに、おばあさんは川へ洗濯に行きました。
　おばあさんが川で洗濯をしていると、ドンブラコ、ドンブラコと、大きな桃が流れてきました。"
shota08@example.net,,98997860,7997862,7997863,7997864,7997865,7997866,7997867,7997868,7997869,7997870,7997871,7997872,7997873,7997874,7997875,7997876,7997877,7997878,7997879,7997880,8996881,6997882,6997883,6997884,6997885,6997886,6997887,6997888,6997889,6997890,6997891,6997892,6997893,6997894,6997895,6997896,6997897,6997898,6997899,6997900,7885901,-2107.75,-2106.75,-2105.75,-2104.75,-2103.75,-2102.75,-2101.75,-2100.75,-2099.75,-2098.75,-2097.75,-2096.75,-2095.75,-2094.75,-2093.75,-2092.75,-2091.75,-2090.75,-2089.75,"むかしむかし、あるところに、おじいさんとおばあさんが住んでいました。
　おじいさんは山へ柴刈りに、おばあさんは川へ洗濯に行きました。
　おばあさんが川で洗濯をしていると、ドンブラコ、ドンブラコと、大きな桃が流れてきました。"
naoto48@example.org,,98997794,7997796,7997797,7997798,7997799,7997800,7997801,7997802,7997803,7997804,7997805,7997806,7997807,7997808,7997809,7997810,7997811,7997812,7997813,7997814,8996815,6997816,6997817,6997818,6997819,6997820,6997821,6997822,6997823,6997824,6997825,6997826,6997827,6997828,6997829,6997830,6997831,6997832,6997833,6997834,7885835,-2173.75,-2172.75,-2171.75,-2170.75,-2169.75,-2168.75,-2167.75,-2166.75,-2165.75,-2164.75,-2163.75,-2162.75,-2161.75,-2160.75,-2159.75,-2158.75,-2157.75,-2156.75,-2155.75,"むかしむかし、あるところに、おじいさんとおばあさんが住んでいました。
　おじいさんは山へ柴刈りに、おばあさんは川へ洗濯に行きました。
　おばあさんが川で洗濯をしていると、ドンブラコ、ドンブラコと、大きな桃が流れてきました。"
nanami.nakajima@example.com,,98997727,7997729,7997730,7997731,7997732,7997733,7997734,7997735,7997736,7997737,7997738,7997739,7997740,7997741,7997742,7997743,7997744,7997745,7997746,7997747,8996748,6997749,6997750,6997751,6997752,6997753,6997754,6997755,6997756,6997757,6997758,6997759,6997760,6997761,6997762,6997763,6997764,6997765,6997766,6997767,7885768,-2240.75,-2239.75,-2238.75,-2237.75,-2236.75,-2235.75,-2234.75,-2233.75,-2232.75,-2231.75,-2230.75,-2229.75,-2228.75,-2227.75,-2226.75,-2225.75,-2224.75,-2223.75,-2222.75,"むかしむかし、あるところに、おじいさんとおばあさんが住んでいました。
　おじいさんは山へ柴刈りに、おばあさんは川へ洗濯に行きました。
　おばあさんが川で洗濯をしていると、ドンブラコ、ドンブラコと、大きな桃が流れてきました。"
kazuya54@example.com,,98997659,7997661,7997662,7997663,7997664,7997665,7997666,7997667,7997668,7997669,7997670,7997671,7997672,7997673,7997674,7997675,7997676,7997677,7997678,7997679,8996680,6997681,6997682,6997683,6997684,6997685,6997686,6997687,6997688,6997689,6997690,6997691,6997692,6997693,6997694,6997695,6997696,6997697,6997698,6997699,7885700,-2308.75,-2307.75,-2306.75,-2305.75,-2304.75,-2303.75,-2302.75,-2301.75,-2300.75,-2299.75,-2298.75,-2297.75,-2296.75,-2295.75,-2294.75,-2293.75,-2292.75,-2291.75,-2290.75,"むかしむかし、あるところに、おじいさんとおばあさんが住んでいました。
　おじいさんは山へ柴刈りに、おばあさんは川へ洗濯に行きました。
　おばあさんが川で洗濯をしていると、ドンブラコ、ドンブラコと、大きな桃が流れてきました。"
asuka14@example.net,,98997590,7997592,7997593,7997594,7997595,7997596,7997597,7997598,7997599,7997600,7997601,7997602,7997603,7997604,7997605,7997606,7997607,7997608,7997609,7997610,8996611,6997612,6997613,6997614,6997615,6997616,6997617,6997618,6997619,6997620,6997621,6997622,6997623,6997624,6997625,6997626,6997627,6997628,6997629,6997630,7885631,-2377.75,-2376.75,-2375.75,-2374.75,-2373.75,-2372.75,-2371.75,-2370.75,-2369.75,-2368.75,-2367.75,-2366.75,-2365.75,-2364.75,-2363.75,-2362.75,-2361.75,-2360.75,-2359.75,"むかしむかし、あるところに、おじいさんとおばあさんが住んでいました。
　おじいさんは山へ柴刈りに、おばあさんは川へ洗濯に行きました。
　おばあさんが川で洗濯をしていると、ドンブラコ、ドンブラコと、大きな桃が流れてきました。"
nanami12@example.com,,98997520,7997522,7997523,7997524,7997525,7997526,7997527,7997528,7997529,7997530,7997531,7997532,7997533,7997534,7997535,7997536,7997537,7997538,7997539,7997540,8996541,6997542,6997543,6997544,6997545,6997546,6997547,6997548,6997549,6997550,6997551,6997552,6997553,6997554,6997555,6997556,6997557,6997558,6997559,6997560,7885561,-2447.75,-2446.75,-2445.75,-2444.75,-2443.75,-2442.75,-2441.75,-2440.75,-2439.75,-2438.75,-2437.75,-2436.75,-2435.75,-2434.75,-2433.75,-2432.75,-2431.75,-2430.75,-2429.75,"むかしむかし、あるところに、おじいさんとおばあさんが住んでいました。
　おじいさんは山へ柴刈りに、おばあさんは川へ洗濯に行きました。
　おばあさんが川で洗濯をしていると、ドンブラコ、ドンブラコと、大きな桃が流れてきました。"
skondo@example.com,,98997449,7997451,7997452,7997453,7997454,7997455,7997456,7997457,7997458,7997459,7997460,7997461,7997462,7997463,7997464,7997465,7997466,7997467,7997468,7997469,8996470,6997471,6997472,6997473,6997474,6997475,6997476,6997477,6997478,6997479,6997480,6997481,6997482,6997483,6997484,6997485,6997486,6997487,6997488,6997489,7885490,-2518.75,-2517.75,-2516.75,-2515.75,-2514.75,-2513.75,-2512.75,-2511.75,-2510.75,-2509.75,-2508.75,-2507.75,-2506.75,-2505.75,-2504.75,-2503.75,-2502.75,-2501.75,-2500.75,"むかしむかし、あるところに、おじいさんとおばあさんが住んでいました。
　おじいさんは山へ柴刈りに、おばあさんは川へ洗濯に行きました。
　おばあさんが川で洗濯をしていると、ドンブラコ、ドンブラコと、大きな桃が流れてきました。"
zekoda@example.org,,98997377,7997379,7997380,7997381,7997382,7997383,7997384,7997385,7997386,7997387,7997388,7997389,7997390,7997391,7997392,7997393,7997394,7997395,7997396,7997397,8996398,6997399,6997400,6997401,6997402,6997403,6997404,6997405,6997406,6997407,6997408,6997409,6997410,6997411,6997412,6997413,6997414,6997415,6997416,6997417,7885418,-2590.75,-2589.75,-2588.75,-2587.75,-2586.75,-2585.75,-2584.75,-2583.75,-2582.75,-2581.75,-2580.75,-2579.75,-2578.75,-2577.75,-2576.75,-2575.75,-2574.75,-2573.75,-2572.75,"むかしむかし、あるところに、おじいさんとおばあさんが住んでいました。
　おじいさんは山へ柴刈りに、おばあさんは川へ洗濯に行きました。
　おばあさんが川で洗濯をしていると、ドンブラコ、ドンブラコと、大きな桃が流れてきました。"
kanou.kaori@example.com,,98997304,7997306,7997307,7997308,7997309,7997310,7997311,7997312,7997313,7997314,7997315,7997316,7997317,7997318,7997319,7997320,7997321,7997322,7997323,7997324,8996325,6997326,6997327,6997328,6997329,6997330,6997331,6997332,6997333,6997334,6997335,6997336,6997337,6997338,6997339,6997340,6997341,6997342,6997343,6997344,7885345,-2663.75,-2662.75,-2661.75,-2660.75,-2659.75,-2658.75,-2657.75,-2656.75,-2655.75,-2654.75,-2653.75,-2652.75,-2651.75,-2650.75,-2649.75,-2648.75,-2647.75,-2646.75,-2645.75,"むかしむかし、あるところに、おじいさんとおばあさんが住んでいました。
　おじいさんは山へ柴刈りに、おばあさんは川へ洗濯に行きました。
　おばあさんが川で洗濯をしていると、ドンブラコ、ドンブラコと、大きな桃が流れてきました。"
rei.kijima@example.com,,98997230,7997232,7997233,7997234,7997235,7997236,7997237,7997238,7997239,7997240,7997241,7997242,7997243,7997244,7997245,7997246,7997247,7997248,7997249,7997250,8996251,6997252,6997253,6997254,6997255,6997256,6997257,6997258,6997259,6997260,6997261,6997262,6997263,6997264,6997265,6997266,6997267,6997268,6997269,6997270,7885271,-2737.75,-2736.75,-2735.75,-2734.75,-2733.75,-2732.75,-2731.75,-2730.75,-2729.75,-2728.75,-2727.75,-2726.75,-2725.75,-2724.75,-2723.75,-2722.75,-2721.75,-2720.75,-2719.75,"むかしむかし、あるところに、おじいさんとおばあさんが住んでいました。
　おじいさんは山へ柴刈りに、おばあさんは川へ洗濯に行きました。
　おばあさんが川で洗濯をしていると、ドンブラコ、ドンブラコと、大きな桃が流れてきました。"
chiyo00@example.org,,98997155,7997157,7997158,7997159,7997160,7997161,7997162,7997163,7997164,7997165,7997166,7997167,7997168,7997169,7997170,7997171,7997172,7997173,7997174,7997175,8996176,6997177,6997178,6997179,6997180,6997181,6997182,6997183,6997184,6997185,6997186,6997187,6997188,6997189,6997190,6997191,6997192,6997193,6997194,6997195,7885196,-2812.75,-2811.75,-2810.75,-2809.75,-2808.75,-2807.75,-2806.75,-2805.75,-2804.75,-2803.75,-2802.75,-2801.75,-2800.75,-2799.75,-2798.75,-2797.75,-2796.75,-2795.75,-2794.75,"むかしむかし、あるところに、おじいさんとおばあさんが住んでいました。
　おじいさんは山へ柴刈りに、おばあさんは川へ洗濯に行きました。
　おばあさんが川で洗濯をしていると、ドンブラコ、ドンブラコと、大きな桃が流れてきました。"
nishinosono.tomoya@example.org,,98997079,7997081,7997082,7997083,7997084,7997085,7997086,7997087,7997088,7997089,7997090,7997091,7997092,7997093,7997094,7997095,7997096,7997097,7997098,7997099,8996100,6997101,6997102,6997103,6997104,6997105,6997106,6997107,6997108,6997109,6997110,6997111,6997112,6997113,6997114,6997115,6997116,6997117,6997118,6997119,7885120,-2888.75,-2887.75,-2886.75,-2885.75,-2884.75,-2883.75,-2882.75,-2881.75,-2880.75,-2879.75,-2878.75,-2877.75,-2876.75,-2875.75,-2874.75,-2873.75,-2872.75,-2871.75,-2870.75,"むかしむかし、あるところに、おじいさんとおばあさんが住んでいました。
　おじいさんは山へ柴刈りに、おばあさんは川へ洗濯に行きました。
　おばあさんが川で洗濯をしていると、ドンブラコ、ドンブラコと、大きな桃が流れてきました。"
naoki13@example.com,,98997002,7997004,7997005,7997006,7997007,7997008,7997009,7997010,7997011,7997012,7997013,7997014,7997015,7997016,7997017,7997018,7997019,7997020,7997021,7997022,8996023,6997024,6997025,6997026,6997027,6997028,6997029,6997030,6997031,6997032,6997033,6997034,6997035,6997036,6997037,6997038,6997039,6997040,6997041,6997042,7885043,-2965.75,-2964.75,-2963.75,-2962.75,-2961.75,-2960.75,-2959.75,-2958.75,-2957.75,-2956.75,-2955.75,-2954.75,-2953.75,-2952.75,-2951.75,-2950.75,-2949.75,-2948.75,-2947.75,"むかしむかし、あるところに、おじいさんとおばあさんが住んでいました。
　おじいさんは山へ柴刈りに、おばあさんは川へ洗濯に行きました。
　おばあさんが川で洗濯をしていると、ドンブラコ、ドンブラコと、大きな桃が流れてきました。"
minoru.aoyama@example.com,,98996924,7996926,7996927,7996928,7996929,7996930,7996931,7996932,7996933,7996934,7996935,7996936,7996937,7996938,7996939,7996940,7996941,7996942,7996943,7996944,8995945,6996946,6996947,6996948,6996949,6996950,6996951,6996952,6996953,6996954,6996955,6996956,6996957,6996958,6996959,6996960,6996961,6996962,6996963,6996964,7884965,-3043.75,-3042.75,-3041.75,-3040.75,-3039.75,-3038.75,-3037.75,-3036.75,-3035.75,-3034.75,-3033.75,-3032.75,-3031.75,-3030.75,-3029.75,-3028.75,-3027.75,-3026.75,-3025.75,"むかしむかし、あるところに、おじいさんとおばあさんが住んでいました。
　おじいさんは山へ柴刈りに、おばあさんは川へ洗濯に行きました。
　おばあさんが川で洗濯をしていると、ドンブラコ、ドンブラコと、大きな桃が流れてきました。"
ysato@example.com,,98996845,7996847,7996848,7996849,7996850,7996851,7996852,7996853,7996854,7996855,7996856,7996857,7996858,7996859,7996860,7996861,7996862,7996863,7996864,7996865,8995866,6996867,6996868,6996869,6996870,6996871,6996872,6996873,6996874,6996875,6996876,6996877,6996878,6996879,6996880,6996881,6996882,6996883,6996884,6996885,7884886,-3122.75,-3121.75,-3120.75,-3119.75,-3118.75,-3117.75,-3116.75,-3115.75,-3114.75,-3113.75,-3112.75,-3111.75,-3110.75,-3109.75,-3108.75,-3107.75,-3106.75,-3105.75,-3104.75,"むかしむかし、あるところに、おじいさんとおばあさんが住んでいました。
　おじいさんは山へ柴刈りに、おばあさんは川へ洗濯に行きました。
　おばあさんが川で洗濯をしていると、ドンブラコ、ドンブラコと、大きな桃が流れてきました。"
youichi.harada@example.net,,98996765,7996767,7996768,7996769,7996770,7996771,7996772,7996773,7996774,7996775,7996776,7996777,7996778,7996779,7996780,7996781,7996782,7996783,7996784,7996785,8995786,6996787,6996788,6996789,6996790,6996791,6996792,6996793,6996794,6996795,6996796,6996797,6996798,6996799,6996800,6996801,6996802,6996803,6996804,6996805,7884806,-3202.75,-3201.75,-3200.75,-3199.75,-3198.75,-3197.75,-3196.75,-3195.75,-3194.75,-3193.75,-3192.75,-3191.75,-3190.75,-3189.75,-3188.75,-3187.75,-3186.75,-3185.75,-3184.75,"むかしむかし、あるところに、おじいさんとおばあさんが住んでいました。
　おじいさんは山へ柴刈りに、おばあさんは川へ洗濯に行きました。
　おばあさんが川で洗濯をしていると、ドンブラコ、ドンブラコと、大きな桃が流れてきました。"
mai.nishinosono@example.org,,98996684,7996686,7996687,7996688,7996689,7996690,7996691,7996692,7996693,7996694,7996695,7996696,7996697,7996698,7996699,7996700,7996701,7996702,7996703,7996704,8995705,6996706,6996707,6996708,6996709,6996710,6996711,6996712,6996713,6996714,6996715,6996716,6996717,6996718,6996719,6996720,6996721,6996722,6996723,6996724,7884725,-3283.75,-3282.75,-3281.75,-3280.75,-3279.75,-3278.75,-3277.75,-3276.75,-3275.75,-3274.75,-3273.75,-3272.75,-3271.75,-3270.75,-3269.75,-3268.75,-3267.75,-3266.75,-3265.75,"むかしむかし、あるところに、おじいさんとおばあさんが住んでいました。
　おじいさんは山へ柴刈りに、おばあさんは川へ洗濯に行きました。
　おばあさんが川で洗濯をしていると、ドンブラコ、ドンブラコと、大きな桃が流れてきました。"
akemi.kudo@example.org,,98996602,7996604,7996605,7996606,7996607,7996608,7996609,7996610,7996611,7996612,7996613,7996614,7996615,7996616,7996617,7996618,7996619,7996620,7996621,7996622,8995623,6996624,6996625,6996626,6996627,6996628,6996629,6996630,6996631,6996632,6996633,6996634,6996635,6996636,6996637,6996638,6996639,6996640,6996641,6996642,7884643,-3365.75,-3364.75,-3363.75,-3362.75,-3361.75,-3360.75,-3359.75,-3358.75,-3357.75,-3356.75,-3355.75,-3354.75,-3353.75,-3352.75,-3351.75,-3350.75,-3349.75,-3348.75,-3347.75,"むかしむかし、あるところに、おじいさんとおばあさんが住んでいました。
　おじいさんは山へ柴刈りに、おばあさんは川へ洗濯に行きました。
　おばあさんが川で洗濯をしていると、ドンブラコ、ドンブラコと、大きな桃が流れてきました。"
gkondo@example.com,,98996519,7996521,7996522,7996523,7996524,7996525,7996526,7996527,7996528,7996529,7996530,7996531,7996532,7996533,7996534,7996535,7996536,7996537,7996538,7996539,8995540,6996541,6996542,6996543,6996544,6996545,6996546,6996547,6996548,6996549,6996550,6996551,6996552,6996553,6996554,6996555,6996556,6996557,6996558,6996559,7884560,-3448.75,-3447.75,-3446.75,-3445.75,-3444.75,-3443.75,-3442.75,-3441.75,-3440.75,-3439.75,-3438.75,-3437.75,-3436.75,-3435.75,-3434.75,-3433.75,-3432.75,-3431.75,-3430.75,"むかしむかし、あるところに、おじいさんとおばあさんが住んでいました。
　おじいさんは山へ柴刈りに、おばあさんは川へ洗濯に行きました。
　おばあさんが川で洗濯をしていると、ドンブラコ、ドンブラコと、大きな桃が流れてきました。"
uno.satomi@example.com,,98996435,7996437,7996438,7996439,7996440,7996441,7996442,7996443,7996444,7996445,7996446,7996447,7996448,7996449,7996450,7996451,7996452,7996453,7996454,7996455,8995456,6996457,6996458,6996459,6996460,6996461,6996462,6996463,6996464,6996465,6996466,6996467,6996468,6996469,6996470,6996471,6996472,6996473,6996474,6996475,7884476,-3532.75,-3531.75,-3530.75,-3529.75,-3528.75,-3527.75,-3526.75,-3525.75,-3524.75,-3523.75,-3522.75,-3521.75,-3520.75,-3519.75,-3518.75,-3517.75,-3516.75,-3515.75,-3514.75,"むかしむかし、あるところに、おじいさんとおばあさんが住んでいました。
　おじいさんは山へ柴刈りに、おばあさんは川へ洗濯に行きました。
　おばあさんが川で洗濯をしていると、ドンブラコ、ドンブラコと、大きな桃が流れてきました。"
hideki.yoshida@example.net,,98996350,7996352,7996353,7996354,7996355,7996356,7996357,7996358,7996359,7996360,7996361,7996362,7996363,7996364,7996365,7996366,7996367,7996368,7996369,7996370,8995371,6996372,6996373,6996374,6996375,6996376,6996377,6996378,6996379,6996380,6996381,6996382,6996383,6996384,6996385,6996386,6996387,6996388,6996389,6996390,7884391,-3617.75,-3616.75,-3615.75,-3614.75,-3613.75,-3612.75,-3611.75,-3610.75,-3609.75,-3608.75,-3607.75,-3606.75,-3605.75,-3604.75,-3603.75,-3602.75,-3601.75,-3600.75,-3599.75,"むかしむかし、あるところに、おじいさんとおばあさんが住んでいました。
　おじいさんは山へ柴刈りに、おばあさんは川へ洗濯に行きました。
　おばあさんが川で洗濯をしていると、ドンブラコ、ドンブラコと、大きな桃が流れてきました。"
mnakatsugawa@example.net,,98996264,7996266,7996267,7996268,7996269,7996270,7996271,7996272,7996273,7996274,7996275,7996276,7996277,7996278,7996279,7996280,7996281,7996282,7996283,7996284,8995285,6996286,6996287,6996288,6996289,6996290,6996291,6996292,6996293,6996294,6996295,6996296,6996297,6996298,6996299,6996300,6996301,6996302,6996303,6996304,7884305,-3703.75,-3702.75,-3701.75,-3700.75,-3699.75,-3698.75,-3697.75,-3696.75,-3695.75,-3694.75,-3693.75,-3692.75,-3691.75,-3690.75,-3689.75,-3688.75,-3687.75,-3686.75,-3685.75,"むかしむかし、あるところに、おじいさんとおばあさんが住んでいました。
　おじいさんは山へ柴刈りに、おばあさんは川へ洗濯に行きました。
　おばあさんが川で洗濯をしていると、ドンブラコ、ドンブラコと、大きな桃が流れてきました。"
lyamamoto@example.net,,98996177,7996179,7996180,7996181,7996182,7996183,7996184,7996185,7996186,7996187,7996188,7996189,7996190,7996191,7996192,7996193,7996194,7996195,7996196,7996197,8995198,6996199,6996200,6996201,6996202,6996203,6996204,6996205,6996206,6996207,6996208,6996209,6996210,6996211,6996212,6996213,6996214,6996215,6996216,6996217,7884218,-3790.75,-3789.75,-3788.75,-3787.75,-3786.75,-3785.75,-3784.75,-3783.75,-3782.75,-3781.75,-3780.75,-3779.75,-3778.75,-3777.75,-3776.75,-3775.75,-3774.75,-3773.75,-3772.75,"むかしむかし、あるところに、おじいさんとおばあさんが住んでいました。
　おじいさんは山へ柴刈りに、おばあさんは川へ洗濯に行きました。
　おばあさんが川で洗濯をしていると、ドンブラコ、ドンブラコと、大きな桃が流れてきました。"
yoshimoto.chiyo@example.com,,98996089,7996091,7996092,7996093,7996094,7996095,7996096,7996097,7996098,7996099,7996100,7996101,7996102,7996103,7996104,7996105,7996106,7996107,7996108,7996109,8995110,6996111,6996112,6996113,6996114,6996115,6996116,6996117,6996118,6996119,6996120,6996121,6996122,6996123,6996124,6996125,6996126,6996127,6996128,6996129,7884130,-3878.75,-3877.75,-3876.75,-3875.75,-3874.75,-3873.75,-3872.75,-3871.75,-3870.75,-3869.75,-3868.75,-3867.75,-3866.75,-3865.75,-3864.75,-3863.75,-3862.75,-3861.75,-3860.75,"むかしむかし、あるところに、おじいさんとおばあさんが住んでいました。
　おじいさんは山へ柴刈りに、おばあさんは川へ洗濯に行きました。
　おばあさんが川で洗濯をしていると、ドンブラコ、ドンブラコと、大きな桃が流れてきました。"
kanou.yui@example.org,,98996000,7996002,7996003,7996004,7996005,7996006,7996007,7996008,7996009,7996010,7996011,7996012,7996013,7996014,7996015,7996016,7996017,7996018,7996019,7996020,8995021,6996022,6996023,6996024,6996025,6996026,6996027,6996028,6996029,6996030,6996031,6996032,6996033,6996034,6996035,6996036,6996037,6996038,6996039,6996040,7884041,-3967.75,-3966.75,-3965.75,-3964.75,-3963.75,-3962.75,-3961.75,-3960.75,-3959.75,-3958.75,-3957.75,-3956.75,-3955.75,-3954.75,-3953.75,-3952.75,-3951.75,-3950.75,-3949.75,"むかしむかし、あるところに、おじいさんとおばあさんが住んでいました。
　おじいさんは山へ柴刈りに、おばあさんは川へ洗濯に行きました。
　おばあさんが川で洗濯をしていると、ドンブラコ、ドンブラコと、大きな桃が流れてきました。"
xuno@example.org,,98995910,7995912,7995913,7995914,7995915,7995916,7995917,7995918,7995919,7995920,7995921,7995922,7995923,7995924,7995925,7995926,7995927,7995928,7995929,7995930,8994931,6995932,6995933,6995934,6995935,6995936,6995937,6995938,6995939,6995940,6995941,6995942,6995943,6995944,6995945,6995946,6995947,6995948,6995949,6995950,7883951,-4057.75,-4056.75,-4055.75,-4054.75,-4053.75,-4052.75,-4051.75,-4050.75,-4049.75,-4048.75,-4047.75,-4046.75,-4045.75,-4044.75,-4043.75,-4042.75,-4041.75,-4040.75,-4039.75,"むかしむかし、あるところに、おじいさんとおばあさんが住んでいました。
　おじいさんは山へ柴刈りに、おばあさんは川へ洗濯に行きました。
　おばあさんが川で洗濯をしていると、ドンブラコ、ドンブラコと、大きな桃が流れてきました。"
chiyo32@example.net,,98995819,7995821,7995822,7995823,7995824,7995825,7995826,7995827,7995828,7995829,7995830,7995831,7995832,7995833,7995834,7995835,7995836,7995837,7995838,7995839,8994840,6995841,6995842,6995843,6995844,6995845,6995846,6995847,6995848,6995849,6995850,6995851,6995852,6995853,6995854,6995855,6995856,6995857,6995858,6995859,7883860,-4148.75,-4147.75,-4146.75,-4145.75,-4144.75,-4143.75,-4142.75,-4141.75,-4140.75,-4139.75,-4138.75,-4137.75,-4136.75,-4135.75,-4134.75,-4133.75,-4132.75,-4131.75,-4130.75,"むかしむかし、あるところに、おじいさんとおばあさんが住んでいました。
　おじいさんは山へ柴刈りに、おばあさんは川へ洗濯に行きました。
　おばあさんが川で洗濯をしていると、ドンブラコ、ドンブラコと、大きな桃が流れてきました。"
ryamada@example.com,,98995727,7995729,7995730,7995731,7995732,7995733,7995734,7995735,7995736,7995737,7995738,7995739,7995740,7995741,7995742,7995743,7995744,7995745,7995746,7995747,8994748,6995749,6995750,6995751,6995752,6995753,6995754,6995755,6995756,6995757,6995758,6995759,6995760,6995761,6995762,6995763,6995764,6995765,6995766,6995767,7883768,-4240.75,-4239.75,-4238.75,-4237.75,-4236.75,-4235.75,-4234.75,-4233.75,-4232.75,-4231.75,-4230.75,-4229.75,-4228.75,-4227.75,-4226.75,-4225.75,-4224.75,-4223.75,-4222.75,"むかしむかし、あるところに、おじいさんとおばあさんが住んでいました。
　おじいさんは山へ柴刈りに、おばあさんは川へ洗濯に行きました。
　おばあさんが川で洗濯をしていると、ドンブラコ、ドンブラコと、大きな桃が流れてきました。"
tanabe.kyosuke@example.org,,98995634,7995636,7995637,7995638,7995639,7995640,7995641,7995642,7995643,7995644,7995645,7995646,7995647,7995648,7995649,7995650,7995651,7995652,7995653,7995654,8994655,6995656,6995657,6995658,6995659,6995660,6995661,6995662,6995663,6995664,6995665,6995666,6995667,6995668,6995669,6995670,6995671,6995672,6995673,6995674,7883675,-4333.75,-4332.75,-4331.75,-4330.75,-4329.75,-4328.75,-4327.75,-4326.75,-4325.75,-4324.75,-4323.75,-4322.75,-4321.75,-4320.75,-4319.75,-4318.75,-4317.75,-4316.75,-4315.75,"むかしむかし、あるところに、おじいさんとおばあさんが住んでいました。
　おじいさんは山へ柴刈りに、おばあさんは川へ洗濯に行きました。
　おばあさんが川で洗濯をしていると、ドンブラコ、ドンブラコと、大きな桃が流れてきました。"
hideki.fujimoto@example.org,,98995540,7995542,7995543,7995544,7995545,7995546,7995547,7995548,7995549,7995550,7995551,7995552,7995553,7995554,7995555,7995556,7995557,7995558,7995559,7995560,8994561,6995562,6995563,6995564,6995565,6995566,6995567,6995568,6995569,6995570,6995571,6995572,6995573,6995574,6995575,6995576,6995577,6995578,6995579,6995580,7883581,-4427.75,-4426.75,-4425.75,-4424.75,-4423.75,-4422.75,-4421.75,-4420.75,-4419.75,-4418.75,-4417.75,-4416.75,-4415.75,-4414.75,-4413.75,-4412.75,-4411.75,-4410.75,-4409.75,"むかしむかし、あるところに、おじいさんとおばあさんが住んでいました。
　おじいさんは山へ柴刈りに、おばあさんは川へ洗濯に行きました。
　おばあさんが川で洗濯をしていると、ドンブラコ、ドンブラコと、大きな桃が流れてきました。"
jun.tanabe@example.org,,98995445,7995447,7995448,7995449,7995450,7995451,7995452,7995453,7995454,7995455,7995456,7995457,7995458,7995459,7995460,7995461,7995462,7995463,7995464,7995465,8994466,6995467,6995468,6995469,6995470,6995471,6995472,6995473,6995474,6995475,6995476,6995477,6995478,6995479,6995480,6995481,6995482,6995483,6995484,6995485,7883486,-4522.75,-4521.75,-4520.75,-4519.75,-4518.75,-4517.75,-4516.75,-4515.75,-4514.75,-4513.75,-4512.75,-4511.75,-4510.75,-4509.75,-4508.75,-4507.75,-4506.75,-4505.75,-4504.75,"むかしむかし、あるところに、おじいさんとおばあさんが住んでいました。
　おじいさんは山へ柴刈りに、おばあさんは川へ洗濯に行きました。
　おばあさんが川で洗濯をしていると、ドンブラコ、ドンブラコと、大きな桃が流れてきました。"
yamaguchi.ryohei@example.net,,98995349,7995351,7995352,7995353,7995354,7995355,7995356,7995357,7995358,7995359,7995360,7995361,7995362,7995363,7995364,7995365,7995366,7995367,7995368,7995369,8994370,6995371,6995372,6995373,6995374,6995375,6995376,6995377,6995378,6995379,6995380,6995381,6995382,6995383,6995384,6995385,6995386,6995387,6995388,6995389,7883390,-4618.75,-4617.75,-4616.75,-4615.75,-4614.75,-4613.75,-4612.75,-4611.75,-4610.75,-4609.75,-4608.75,-4607.75,-4606.75,-4605.75,-4604.75,-4603.75,-4602.75,-4601.75,-4600.75,"むかしむかし、あるところに、おじいさんとおばあさんが住んでいました。
　おじいさんは山へ柴刈りに、おばあさんは川へ洗濯に行きました。
　おばあさんが川で洗濯をしていると、ドンブラコ、ドンブラコと、大きな桃が流れてきました。"
asuka08@example.org,,98995252,7995254,7995255,7995256,7995257,7995258,7995259,7995260,7995261,7995262,7995263,7995264,7995265,7995266,7995267,7995268,7995269,7995270,7995271,7995272,8994273,6995274,6995275,6995276,6995277,6995278,6995279,6995280,6995281,6995282,6995283,6995284,6995285,6995286,6995287,6995288,6995289,6995290,6995291,6995292,7883293,-4715.75,-4714.75,-4713.75,-4712.75,-4711.75,-4710.75,-4709.75,-4708.75,-4707.75,-4706.75,-4705.75,-4704.75,-4703.75,-4702.75,-4701.75,-4700.75,-4699.75,-4698.75,-4697.75,"むかしむかし、あるところに、おじいさんとおばあさんが住んでいました。
　おじいさんは山へ柴刈りに、おばあさんは川へ洗濯に行きました。
　おばあさんが川で洗濯をしていると、ドンブラコ、ドンブラコと、大きな桃が流れてきました。"
tanabe.rika@example.com,,98995154,7995156,7995157,7995158,7995159,7995160,7995161,7995162,7995163,7995164,7995165,7995166,7995167,7995168,7995169,7995170,7995171,7995172,7995173,7995174,8994175,6995176,6995177,6995178,6995179,6995180,6995181,6995182,6995183,6995184,6995185,6995186,6995187,6995188,6995189,6995190,6995191,6995192,6995193,6995194,7883195,-4813.75,-4812.75,-4811.75,-4810.75,-4809.75,-4808.75,-4807.75,-4806.75,-4805.75,-4804.75,-4803.75,-4802.75,-4801.75,-4800.75,-4799.75,-4798.75,-4797.75,-4796.75,-4795.75,"むかしむかし、あるところに、おじいさんとおばあさんが住んでいました。
　おじいさんは山へ柴刈りに、おばあさんは川へ洗濯に行きました。
　おばあさんが川で洗濯をしていると、ドンブラコ、ドンブラコと、大きな桃が流れてきました。"
tyamaguchi@example.com,,98995055,7995057,7995058,7995059,7995060,7995061,7995062,7995063,7995064,7995065,7995066,7995067,7995068,7995069,7995070,7995071,7995072,7995073,7995074,7995075,8994076,6995077,6995078,6995079,6995080,6995081,6995082,6995083,6995084,6995085,6995086,6995087,6995088,6995089,6995090,6995091,6995092,6995093,6995094,6995095,7883096,-4912.75,-4911.75,-4910.75,-4909.75,-4908.75,-4907.75,-4906.75,-4905.75,-4904.75,-4903.75,-4902.75,-4901.75,-4900.75,-4899.75,-4898.75,-4897.75,-4896.75,-4895.75,-4894.75,"むかしむかし、あるところに、おじいさんとおばあさんが住んでいました。
　おじいさんは山へ柴刈りに、おばあさんは川へ洗濯に行きました。
　おばあさんが川で洗濯をしていると、ドンブラコ、ドンブラコと、大きな桃が流れてきました。"
kiriyama.minoru@example.net,,98994955,7994957,7994958,7994959,7994960,7994961,7994962,7994963,7994964,7994965,7994966,7994967,7994968,7994969,7994970,7994971,7994972,7994973,7994974,7994975,8993976,6994977,6994978,6994979,6994980,6994981,6994982,6994983,6994984,6994985,6994986,6994987,6994988,6994989,6994990,6994991,6994992,6994993,6994994,6994995,7882996,-5012.75,-5011.75,-5010.75,-5009.75,-5008.75,-5007.75,-5006.75,-5005.75,-5004.75,-5003.75,-5002.75,-5001.75,-5000.75,-4999.75,-4998.75,-4997.75,-4996.75,-4995.75,-4994.75,"むかしむかし、あるところに、おじいさんとおばあさんが住んでいました。
　おじいさんは山へ柴刈りに、おばあさんは川へ洗濯に行きました。
　おばあさんが川で洗濯をしていると、ドンブラコ、ドンブラコと、大きな桃が流れてきました。"
hideki52@example.com,,98994854,7994856,7994857,7994858,7994859,7994860,7994861,7994862,7994863,7994864,7994865,7994866,7994867,7994868,7994869,7994870,7994871,7994872,7994873,7994874,8993875,6994876,6994877,6994878,6994879,6994880,6994881,6994882,6994883,6994884,6994885,6994886,6994887,6994888,6994889,6994890,6994891,6994892,6994893,6994894,7882895,-5113.75,-5112.75,-5111.75,-5110.75,-5109.75,-5108.75,-5107.75,-5106.75,-5105.75,-5104.75,-5103.75,-5102.75,-5101.75,-5100.75,-5099.75,-5098.75,-5097.75,-5096.75,-5095.75,"むかしむかし、あるところに、おじいさんとおばあさんが住んでいました。
　おじいさんは山へ柴刈りに、おばあさんは川へ洗濯に行きました。
　おばあさんが川で洗濯をしていると、ドンブラコ、ドンブラコと、大きな桃が流れてきました。"
cishida@example.org,,98994752,7994754,7994755,7994756,7994757,7994758,7994759,7994760,7994761,7994762,7994763,7994764,7994765,7994766,7994767,7994768,7994769,7994770,7994771,7994772,8993773,6994774,6994775,6994776,6994777,6994778,6994779,6994780,6994781,6994782,6994783,6994784,6994785,6994786,6994787,6994788,6994789,6994790,6994791,6994792,7882793,-5215.75,-5214.75,-5213.75,-5212.75,-5211.75,-5210.75,-5209.75,-5208.75,-5207.75,-5206.75,-5205.75,-5204.75,-5203.75,-5202.75,-5201.75,-5200.75,-5199.75,-5198.75,-5197.75,"むかしむかし、あるところに、おじいさんとおばあさんが住んでいました。
　おじいさんは山へ柴刈りに、おばあさんは川へ洗濯に行きました。
　おばあさんが川で洗濯をしていると、ドンブラコ、ドンブラコと、大きな桃が流れてきました。"
tanabe.soutaro@example.net,,98994649,7994651,7994652,7994653,7994654,7994655,7994656,7994657,7994658,7994659,7994660,7994661,7994662,7994663,7994664,7994665,7994666,7994667,7994668,7994669,8993670,6994671,6994672,6994673,6994674,6994675,6994676,6994677,6994678,6994679,6994680,6994681,6994682,6994683,6994684,6994685,6994686,6994687,6994688,6994689,7882690,-5318.75,-5317.75,-5316.75,-5315.75,-5314.75,-5313.75,-5312.75,-5311.75,-5310.75,-5309.75,-5308.75,-5307.75,-5306.75,-5305.75,-5304.75,-5303.75,-5302.75,-5301.75,-5300.75,"むかしむかし、あるところに、おじいさんとおばあさんが住んでいました。
　おじいさんは山へ柴刈りに、おばあさんは川へ洗濯に行きました。
　おばあさんが川で洗濯をしていると、ドンブラコ、ドンブラコと、大きな桃が流れてきました。"
